sample_id,group,mean_len,median_len,std_len,pct_short,pct_mid,p10,p25,p75,p90,n_fragments,genome_bin_short_frac_std,genome_bin_short_frac_mean,motif_A_frac,motif_C_frac,motif_G_frac,motif_T_frac
85756,healthy,170.79,170.0,18.48,10.57,88.22,149.0,161.0,180.0,193.0,5000000,0.0143,0.102,,,,
85757,healthy,168.61,168.0,17.11,11.44,87.76,148.0,160.0,177.0,189.0,5000000,0.0115,0.112,,,,
85770,healthy,171.88,171.0,18.82,9.86,88.77,150.0,162.0,182.0,195.0,5000000,0.0134,0.095,,,,
85775,healthy,173.43,172.0,20.33,9.5,88.29,150.0,162.0,184.0,198.0,5000000,0.0127,0.0919,,,,
85784,healthy,169.52,169.0,18.0,11.49,87.58,148.0,160.0,179.0,191.0,5000000,0.0134,0.1108,,,,
85787,healthy,170.31,169.0,18.3,10.79,88.06,149.0,160.0,180.0,192.0,5000000,0.014,0.1042,,,,
85791,healthy,173.09,172.0,19.52,9.06,89.02,151.0,162.0,183.0,197.0,5000000,0.012,0.0873,,,,
85795,healthy,169.15,169.0,17.58,11.38,87.76,148.0,160.0,178.0,190.0,5000000,0.0118,0.111,,,,
85816,healthy,170.21,170.0,19.09,11.88,86.81,147.0,160.0,180.0,193.0,5000000,0.014,0.1145,,,,
85830,healthy,171.64,171.0,18.42,9.7,89.02,150.0,162.0,181.0,194.0,5000000,0.0117,0.0942,,,,
85842,healthy,169.58,169.0,16.84,10.21,89.09,149.0,161.0,178.0,190.0,5000000,0.0125,0.0993,,,,
85854,healthy,168.28,168.0,20.26,15.23,83.52,143.0,157.0,179.0,192.0,5000000,0.0142,0.1483,,,,
85860,healthy,170.44,170.0,19.06,11.61,87.08,148.0,160.0,180.0,193.0,5000000,0.0146,0.1121,,,,
85861,healthy,169.49,169.0,17.84,11.56,87.57,148.0,160.0,179.0,191.0,5000000,0.0132,0.112,,,,
85878,healthy,171.76,171.0,18.57,9.59,88.98,150.0,162.0,181.0,195.0,5000000,0.0119,0.0933,,,,
85898,healthy,172.23,171.0,19.52,9.95,88.35,150.0,162.0,182.0,196.0,5000000,0.0118,0.0969,,,,
85904,healthy,171.34,170.0,19.79,11.13,87.15,148.0,161.0,181.0,196.0,5000000,0.0141,0.1079,,,,
85905,healthy,169.31,169.0,17.66,11.31,87.83,148.0,160.0,178.0,190.0,5000000,0.0141,0.1092,,,,
85908,healthy,170.2,170.0,20.13,12.86,85.68,146.0,160.0,181.0,194.0,5000000,0.0131,0.1259,,,,
85918,healthy,171.57,171.0,19.32,10.42,88.01,149.0,161.0,181.0,195.0,5000000,0.0117,0.1015,,,,
85928,healthy,167.5,167.0,17.14,12.84,86.53,146.0,159.0,176.0,188.0,5000000,0.0135,0.1247,,,,
85936,healthy,167.57,168.0,17.88,13.8,85.49,145.0,158.0,177.0,189.0,5000000,0.0135,0.135,,,,
85937,healthy,171.33,170.0,19.52,10.76,87.56,149.0,161.0,181.0,195.0,5000000,0.0139,0.1034,,,,
85941,healthy,168.18,168.0,17.76,12.67,86.54,147.0,159.0,177.0,189.0,5000000,0.0135,0.1229,,,,
85959,healthy,171.82,171.0,18.65,9.56,88.95,150.0,162.0,181.0,194.0,5000000,0.0117,0.093,,,,
85963,healthy,172.08,171.0,18.97,9.45,88.92,150.0,162.0,182.0,195.0,5000000,0.0128,0.091,,,,
85970,healthy,172.65,171.0,18.6,8.54,89.83,151.0,162.0,182.0,196.0,5000000,0.0117,0.0824,,,,
85971,healthy,172.3,171.0,19.57,9.85,88.36,150.0,162.0,182.0,196.0,5000000,0.014,0.0942,,,,
85980,healthy,171.83,171.0,18.94,9.86,88.7,150.0,161.0,182.0,195.0,5000000,0.0117,0.0957,,,,
85985,healthy,170.65,170.0,19.1,11.11,87.44,148.0,160.0,180.0,194.0,5000000,0.0142,0.1068,,,,
85987,healthy,168.3,168.0,18.2,13.25,85.97,146.0,159.0,178.0,190.0,5000000,0.0136,0.1288,,,,
85988,healthy,172.53,171.0,19.41,9.64,88.63,150.0,162.0,183.0,196.0,5000000,0.0118,0.0935,,,,
86276,healthy,146.65,155.0,50.28,44.21,51.57,72.0,119.0,174.0,193.0,5000000,0.0172,0.4397,,,,
87922,healthy,167.78,168.0,21.38,17.3,81.23,142.0,156.0,179.0,193.0,5000000,0.0259,0.1708,,,,
87923,healthy,165.86,167.0,20.31,18.51,80.6,141.0,155.0,177.0,189.0,5000000,0.0235,0.1801,,,,
87924,healthy,165.71,166.0,19.37,17.99,81.27,142.0,155.0,176.0,188.0,5000000,0.0106,0.179,,,,
87925,healthy,166.62,167.0,20.27,17.51,81.45,142.0,155.0,178.0,190.0,5000000,0.0208,0.1696,,,,
87926,healthy,167.97,168.0,22.36,18.03,80.2,141.0,155.0,180.0,194.0,5000000,0.0209,0.1749,,,,
87927,healthy,166.63,167.0,19.31,16.76,82.45,142.0,156.0,177.0,189.0,5000000,0.0106,0.1669,,,,
87928,healthy,164.45,166.0,20.97,21.29,77.73,138.0,152.0,176.0,189.0,5000000,0.0123,0.2121,,,,
87929,healthy,166.22,167.0,21.03,19.34,79.48,140.0,154.0,178.0,191.0,5000000,0.0125,0.1924,,,,
87932,healthy,167.59,168.0,20.91,16.96,81.73,142.0,156.0,179.0,192.0,5000000,0.0169,0.1654,,,,
87933,healthy,167.77,168.0,21.71,17.49,80.96,141.0,156.0,179.0,193.0,5000000,0.0208,0.169,,,,
87935,healthy,167.13,168.0,22.29,18.82,79.59,140.0,155.0,179.0,193.0,5000000,0.0255,0.181,,,,
87936,healthy,167.63,168.0,18.83,15.41,83.61,144.0,157.0,178.0,190.0,5000000,0.0097,0.1534,,,,
87937,healthy,169.56,169.0,19.25,13.4,85.26,146.0,159.0,180.0,193.0,5000000,0.0101,0.1332,,,,
87938,healthy,168.5,168.0,19.26,14.42,84.48,145.0,158.0,179.0,191.0,5000000,0.0195,0.1388,,,,
87940,healthy,167.38,168.0,20.12,16.92,81.99,142.0,156.0,178.0,191.0,5000000,0.0173,0.1642,,,,
87941,healthy,166.97,168.0,21.95,19.14,79.38,140.0,154.0,179.0,193.0,5000000,0.0196,0.1866,,,,
87942,healthy,167.62,168.0,20.4,16.83,81.99,142.0,156.0,179.0,192.0,5000000,0.0176,0.164,,,,
87943,healthy,167.62,168.0,20.58,17.04,81.94,142.0,156.0,179.0,192.0,5000000,0.0207,0.1653,,,,
87944,healthy,163.35,165.0,19.65,21.62,77.78,139.0,152.0,175.0,186.0,5000000,0.0235,0.2095,,,,
87945,healthy,165.92,167.0,20.84,19.42,79.56,140.0,154.0,178.0,190.0,5000000,0.0204,0.1887,,,,
87946,healthy,166.76,167.0,20.63,18.07,80.85,141.0,155.0,178.0,191.0,5000000,0.0207,0.1742,,,,
87948,healthy,166.86,167.0,19.06,16.3,82.85,143.0,156.0,177.0,189.0,5000000,0.0185,0.1575,,,,
87949,healthy,163.56,165.0,19.03,20.74,78.67,140.0,152.0,174.0,185.0,5000000,0.0186,0.2024,,,,
87950,healthy,169.71,169.0,22.34,16.31,81.72,142.0,157.0,182.0,197.0,5000000,0.0191,0.158,,,,
87951,healthy,166.57,167.0,21.39,19.05,79.73,140.0,154.0,178.0,192.0,5000000,0.0193,0.1855,,,,
87952,healthy,162.09,164.0,20.96,25.1,74.2,135.0,149.0,174.0,186.0,5000000,0.0187,0.2457,,,,
87953,healthy,165.45,166.0,20.67,19.88,79.18,140.0,153.0,177.0,190.0,5000000,0.0212,0.1931,,,,
87954,healthy,168.39,168.0,21.21,16.85,81.6,142.0,156.0,180.0,194.0,5000000,0.0176,0.1646,,,,
87955,healthy,165.84,167.0,20.87,19.48,79.4,140.0,154.0,177.0,190.0,5000000,0.0186,0.1896,,,,
87956,healthy,164.94,166.0,20.64,20.55,78.35,140.0,153.0,176.0,189.0,5000000,0.0213,0.1993,,,,
87957,healthy,167.0,167.0,21.52,18.79,79.81,140.0,155.0,179.0,192.0,5000000,0.0206,0.1821,,,,
87958,healthy,164.26,165.0,19.89,20.4,78.83,140.0,153.0,175.0,187.0,5000000,0.0195,0.1989,,,,
87959,healthy,163.84,165.0,19.64,20.94,78.41,139.0,152.0,175.0,186.0,5000000,0.0195,0.2041,,,,
87960,healthy,165.78,166.0,20.25,18.71,80.28,141.0,154.0,177.0,189.0,5000000,0.0213,0.1811,,,,
87961,healthy,165.95,167.0,20.19,18.3,80.78,141.0,155.0,177.0,189.0,5000000,0.0216,0.1757,,,,
87962,healthy,165.04,166.0,20.23,19.7,79.39,140.0,153.0,176.0,188.0,5000000,0.0201,0.1912,,,,
87963,healthy,164.73,166.0,20.18,20.12,79.02,140.0,153.0,176.0,188.0,5000000,0.0205,0.1952,,,,
87964,healthy,168.65,169.0,20.95,16.05,82.54,143.0,157.0,180.0,194.0,5000000,0.0187,0.1564,,,,
87965,healthy,166.99,167.0,20.78,18.1,80.72,141.0,155.0,179.0,192.0,5000000,0.0195,0.1747,,,,
87966,healthy,168.44,168.0,18.84,14.01,85.06,145.0,158.0,179.0,191.0,5000000,0.0161,0.1366,,,,
87967,healthy,166.57,167.0,19.91,17.66,81.37,142.0,155.0,177.0,190.0,5000000,0.0188,0.1713,,,,
87968,healthy,164.25,165.0,17.92,18.79,80.72,142.0,154.0,174.0,185.0,5000000,0.0183,0.1829,,,,
87969,healthy,166.32,167.0,19.57,17.46,81.6,142.0,155.0,177.0,190.0,5000000,0.0202,0.1694,,,,
87970,healthy,166.64,167.0,19.79,17.36,81.65,142.0,155.0,177.0,190.0,5000000,0.0199,0.1683,,,,
87971,healthy,164.96,166.0,19.63,19.24,80.02,140.0,154.0,176.0,188.0,5000000,0.0201,0.1875,,,,
87972,healthy,164.41,166.0,19.86,20.66,78.59,140.0,153.0,176.0,187.0,5000000,0.0199,0.201,,,,
87973,healthy,165.99,167.0,19.6,17.79,81.4,141.0,155.0,177.0,189.0,5000000,0.0188,0.1732,,,,
87974,healthy,169.33,169.0,20.58,14.83,83.82,144.0,158.0,181.0,194.0,5000000,0.0179,0.1439,,,,
87975,healthy,169.16,169.0,19.22,13.67,85.32,145.0,159.0,180.0,192.0,5000000,0.0163,0.1334,,,,
87976,healthy,168.48,169.0,21.01,16.29,82.25,142.0,157.0,180.0,193.0,5000000,0.0181,0.1577,,,,
87978,healthy,171.67,171.0,22.62,14.36,83.24,144.0,159.0,184.0,199.0,5000000,0.0206,0.1378,,,,
87979,healthy,169.05,168.0,19.65,14.29,84.38,145.0,158.0,180.0,193.0,5000000,0.0084,0.1423,,,,
87980,healthy,167.97,168.0,20.48,16.39,82.22,143.0,156.0,179.0,192.0,5000000,0.0187,0.1596,,,,
87981,healthy,165.87,167.0,20.08,18.63,80.42,141.0,154.0,177.0,189.0,5000000,0.0201,0.1811,,,,
87982,healthy,167.73,168.0,20.0,16.3,82.57,143.0,156.0,179.0,191.0,5000000,0.0171,0.1585,,,,
87983,healthy,165.99,166.0,19.95,18.33,80.69,141.0,155.0,177.0,189.0,5000000,0.0199,0.178,,,,
87984,healthy,167.09,167.0,19.98,17.15,81.81,142.0,156.0,178.0,191.0,5000000,0.0187,0.1665,,,,
87985,healthy,166.13,167.0,19.35,17.68,81.43,142.0,155.0,177.0,189.0,5000000,0.0277,0.1755,,,,
87986,healthy,167.66,167.0,19.22,15.61,83.33,144.0,157.0,178.0,191.0,5000000,0.0081,0.1558,,,,
87988,healthy,167.75,168.0,20.71,16.9,81.83,142.0,156.0,179.0,192.0,5000000,0.0186,0.1645,,,,
87989,healthy,166.68,167.0,20.19,17.8,81.08,142.0,155.0,178.0,191.0,5000000,0.0193,0.1734,,,,
87990,healthy,167.12,167.0,19.98,16.83,82.1,142.0,156.0,178.0,191.0,5000000,0.0212,0.1626,,,,
87991,healthy,166.27,167.0,20.98,19.08,79.7,141.0,154.0,178.0,191.0,5000000,0.0174,0.1868,,,,
87992,healthy,167.5,167.0,20.62,17.12,81.59,142.0,156.0,179.0,192.0,5000000,0.0223,0.1644,,,,
87993,healthy,163.54,165.0,19.99,22.37,76.87,139.0,151.0,175.0,187.0,5000000,0.0204,0.2205,,,,
87994,healthy,166.21,167.0,20.44,18.61,80.34,141.0,154.0,177.0,190.0,5000000,0.0188,0.182,,,,
87995,healthy,165.23,166.0,19.51,18.78,80.44,141.0,154.0,176.0,188.0,5000000,0.0174,0.1832,,,,
87996,healthy,168.97,169.0,23.02,17.88,80.0,141.0,156.0,182.0,197.0,5000000,0.0198,0.1738,,,,
87997,healthy,166.45,167.0,19.89,17.76,81.28,142.0,155.0,177.0,190.0,5000000,0.0212,0.1713,,,,
87998,healthy,166.1,167.0,19.88,18.16,80.91,142.0,155.0,177.0,189.0,5000000,0.0197,0.1759,,,,
88000,healthy,165.66,167.0,19.73,18.47,80.74,141.0,154.0,177.0,189.0,5000000,0.0213,0.178,,,,
88001,healthy,167.47,168.0,21.43,17.82,80.74,141.0,155.0,179.0,193.0,5000000,0.0195,0.1728,,,,
88002,healthy,170.47,170.0,20.55,13.44,84.81,145.0,159.0,181.0,195.0,5000000,0.0086,0.1339,,,,
88005,healthy,168.77,168.0,19.6,14.57,84.1,145.0,158.0,179.0,192.0,5000000,0.0092,0.1453,,,,
88006,healthy,169.23,169.0,20.84,15.24,83.19,144.0,157.0,181.0,195.0,5000000,0.0194,0.1474,,,,
88007,healthy,167.12,167.0,18.47,15.18,84.01,144.0,157.0,177.0,189.0,5000000,0.0179,0.1474,,,,
88008,healthy,166.59,167.0,20.95,18.92,79.78,141.0,154.0,178.0,192.0,5000000,0.0188,0.1847,,,,
88009,healthy,165.94,166.0,21.38,20.12,78.55,140.0,153.0,178.0,191.0,5000000,0.0191,0.1966,,,,
88010,healthy,168.91,169.0,20.91,15.81,82.67,143.0,157.0,180.0,194.0,5000000,0.0168,0.1542,,,,
88011,healthy,166.23,167.0,20.09,18.33,80.69,141.0,155.0,177.0,190.0,5000000,0.02,0.1785,,,,
88012,healthy,167.5,168.0,19.69,16.28,82.69,143.0,156.0,178.0,191.0,5000000,0.017,0.1583,,,,
88013,healthy,166.96,167.0,19.28,16.53,82.52,143.0,156.0,177.0,190.0,5000000,0.0172,0.1607,,,,
88014,healthy,165.88,166.0,20.88,19.59,79.18,141.0,153.0,177.0,191.0,5000000,0.0195,0.191,,,,
88015,healthy,165.18,166.0,21.11,20.76,78.07,140.0,153.0,177.0,190.0,5000000,0.0205,0.202,,,,
88016,healthy,166.38,167.0,20.9,18.85,79.87,141.0,154.0,178.0,191.0,5000000,0.0192,0.1835,,,,
88017,healthy,168.51,168.0,21.44,16.9,81.58,142.0,156.0,180.0,194.0,5000000,0.0188,0.1635,,,,
88018,healthy,165.96,167.0,21.24,20.02,78.76,140.0,153.0,178.0,191.0,5000000,0.0193,0.1947,,,,
88019,healthy,165.45,166.0,20.9,20.43,78.41,140.0,153.0,177.0,190.0,5000000,0.0192,0.199,,,,
88020,healthy,164.68,166.0,21.18,21.68,77.22,139.0,152.0,176.0,189.0,5000000,0.0194,0.2116,,,,
88021,healthy,166.96,167.0,20.58,18.11,80.74,141.0,155.0,178.0,192.0,5000000,0.0187,0.1756,,,,
88022,healthy,166.8,167.0,19.45,17.2,81.85,142.0,155.0,178.0,190.0,5000000,0.0093,0.1713,,,,
88023,healthy,169.58,169.0,21.92,15.87,82.08,143.0,157.0,181.0,196.0,5000000,0.0182,0.1537,,,,
88024,healthy,167.34,167.0,20.68,17.42,81.27,142.0,155.0,178.0,192.0,5000000,0.0213,0.1685,,,,
88025,healthy,166.56,167.0,20.9,18.53,80.23,141.0,155.0,178.0,191.0,5000000,0.0203,0.1802,,,,
88026,healthy,166.14,166.0,19.48,17.67,81.38,142.0,155.0,177.0,189.0,5000000,0.0204,0.1717,,,,
88027,healthy,165.6,166.0,19.67,18.56,80.55,141.0,154.0,176.0,189.0,5000000,0.0206,0.1805,,,,
88028,healthy,166.73,167.0,21.83,19.34,79.04,140.0,154.0,178.0,192.0,5000000,0.0185,0.189,,,,
88029,healthy,167.58,168.0,21.43,17.9,80.56,141.0,155.0,179.0,193.0,5000000,0.0196,0.1741,,,,
88030,healthy,168.74,169.0,21.1,16.08,82.41,143.0,157.0,180.0,194.0,5000000,0.0178,0.1554,,,,
88031,healthy,165.33,166.0,18.54,17.76,81.63,142.0,155.0,176.0,187.0,5000000,0.0183,0.1729,,,,
88032,healthy,165.84,166.0,20.84,19.79,79.09,140.0,153.0,177.0,190.0,5000000,0.0177,0.1942,,,,
88033,healthy,169.27,169.0,20.94,15.3,83.09,144.0,157.0,181.0,195.0,5000000,0.0181,0.1484,,,,
88034,healthy,165.74,167.0,20.66,19.43,79.64,140.0,154.0,177.0,190.0,5000000,0.0199,0.1887,,,,
88035,healthy,167.91,168.0,20.74,16.86,81.79,142.0,156.0,179.0,193.0,5000000,0.018,0.1634,,,,
88036,healthy,167.28,168.0,20.25,17.14,81.81,142.0,156.0,179.0,191.0,5000000,0.0195,0.1659,,,,
88037,healthy,166.55,167.0,20.74,18.56,80.35,141.0,155.0,178.0,191.0,5000000,0.0184,0.1815,,,,
88038,healthy,166.42,167.0,19.63,17.52,81.59,142.0,155.0,177.0,189.0,5000000,0.019,0.1695,,,,
88039,healthy,166.07,167.0,18.98,17.18,82.16,142.0,156.0,177.0,188.0,5000000,0.018,0.1667,,,,
88040,healthy,167.26,168.0,19.92,16.83,82.12,142.0,156.0,178.0,191.0,5000000,0.019,0.164,,,,
88041,healthy,169.11,169.0,20.94,15.53,82.92,143.0,157.0,180.0,195.0,5000000,0.0187,0.1503,,,,
88042,healthy,165.9,167.0,18.96,17.49,81.84,142.0,155.0,177.0,188.0,5000000,0.0196,0.1699,,,,
88043,healthy,168.0,168.0,19.95,16.06,82.74,143.0,157.0,179.0,192.0,5000000,0.0187,0.1562,,,,
88044,healthy,169.24,169.0,20.89,15.51,82.96,143.0,157.0,181.0,195.0,5000000,0.0186,0.15,,,,
88045,healthy,166.85,167.0,19.11,16.31,82.82,143.0,156.0,177.0,190.0,5000000,0.0179,0.1579,,,,
88047,healthy,169.32,169.0,19.6,13.8,84.97,145.0,158.0,180.0,193.0,5000000,0.0162,0.1336,,,,
88048,healthy,164.24,165.0,19.55,20.51,78.76,140.0,153.0,175.0,187.0,5000000,0.0188,0.1999,,,,
88049,healthy,168.67,169.0,19.86,14.9,83.87,144.0,158.0,179.0,192.0,5000000,0.0186,0.1442,,,,
86229,lung_cancer,142.39,152.0,54.72,47.97,47.63,62.0,108.0,171.0,190.0,5000000,0.0146,0.4777,,,,
86230,lung_cancer,122.3,128.0,52.91,65.85,31.56,52.0,77.0,160.0,176.0,5000000,0.0128,0.6549,,,,
86233,lung_cancer,120.27,123.0,51.79,66.84,31.19,53.0,75.0,160.0,177.0,5000000,0.0096,0.6656,,,,
86245,lung_cancer,141.64,154.0,47.06,44.89,53.13,65.0,115.0,170.0,184.0,5000000,0.0169,0.4438,,,,
86251,lung_cancer,141.36,148.0,59.34,51.15,43.03,62.0,97.0,171.0,195.0,5000000,0.0112,0.5085,,,,
86254,lung_cancer,115.71,113.0,52.95,70.99,26.73,52.0,70.0,155.0,175.0,5000000,0.013,0.708,,,,
86264,lung_cancer,136.93,146.0,58.74,52.97,42.73,57.0,91.0,170.0,190.0,5000000,0.0121,0.5271,,,,
88183,lung_cancer,161.91,164.0,21.19,25.84,73.22,135.0,149.0,174.0,186.0,5000000,0.0225,0.2511,,,,
88184,lung_cancer,161.68,163.0,22.19,28.17,70.6,134.0,147.0,174.0,187.0,5000000,0.0276,0.2739,,,,
88185,lung_cancer,163.11,164.0,21.58,24.38,74.45,136.0,150.0,175.0,188.0,5000000,0.0243,0.2354,,,,
88186,lung_cancer,163.97,165.0,21.7,23.74,75.01,137.0,150.0,176.0,189.0,5000000,0.0235,0.23,,,,
88187,lung_cancer,162.9,164.0,20.07,23.55,75.71,138.0,151.0,174.0,186.0,5000000,0.0177,0.2308,,,,
88188,lung_cancer,163.15,165.0,19.89,22.65,76.69,138.0,151.0,175.0,186.0,5000000,0.0196,0.2213,,,,
88189,lung_cancer,162.48,164.0,20.83,24.16,75.12,136.0,150.0,175.0,186.0,5000000,0.0187,0.2365,,,,
88190,lung_cancer,168.1,168.0,18.95,14.76,84.16,145.0,157.0,178.0,191.0,5000000,0.0162,0.144,,,,
88191,lung_cancer,165.79,166.0,18.92,18.06,81.17,142.0,154.0,176.0,188.0,5000000,0.0168,0.1765,,,,
88193,lung_cancer,162.35,164.0,18.15,21.09,78.44,139.0,152.0,172.0,182.0,5000000,0.0176,0.2067,,,,
88194,lung_cancer,164.19,166.0,22.62,23.17,75.52,136.0,151.0,177.0,190.0,5000000,0.0176,0.2293,,,,
88195,lung_cancer,163.78,164.0,19.1,20.04,79.22,141.0,153.0,174.0,186.0,5000000,0.0213,0.1933,,,,
88196,lung_cancer,163.56,164.0,19.91,21.51,77.76,139.0,152.0,175.0,187.0,5000000,0.0238,0.2068,,,,
88197,lung_cancer,165.57,165.0,20.84,19.85,78.85,140.0,153.0,177.0,191.0,5000000,0.0264,0.1894,,,,
88198,lung_cancer,161.58,163.0,18.24,22.98,76.46,139.0,151.0,171.0,181.0,5000000,0.0157,0.2261,,,,
88199,lung_cancer,160.42,163.0,20.42,26.17,73.13,134.0,149.0,172.0,182.0,5000000,0.0202,0.257,,,,
88200,lung_cancer,160.09,163.0,19.97,26.3,73.17,135.0,149.0,172.0,181.0,5000000,0.0216,0.2567,,,,
88201,lung_cancer,163.25,164.0,19.21,22.15,77.15,139.0,151.0,174.0,185.0,5000000,0.0251,0.2175,,,,
88202,lung_cancer,168.58,168.0,18.9,13.79,85.14,145.0,158.0,179.0,191.0,5000000,0.019,0.133,,,,
88203,lung_cancer,165.9,166.0,17.85,16.13,83.3,143.0,156.0,176.0,187.0,5000000,0.0166,0.1589,,,,
88204,lung_cancer,165.94,166.0,19.25,17.67,81.38,142.0,155.0,176.0,188.0,5000000,0.0161,0.174,,,,
88205,lung_cancer,164.39,165.0,18.5,19.08,80.34,141.0,154.0,175.0,186.0,5000000,0.0158,0.1876,,,,
88206,lung_cancer,158.67,163.0,22.58,28.06,71.21,127.0,147.0,172.0,182.0,5000000,0.0223,0.2793,,,,
88207,lung_cancer,161.23,164.0,21.62,25.4,73.79,134.0,149.0,173.0,185.0,5000000,0.0198,0.25,,,,
88208,lung_cancer,161.58,163.0,17.43,22.4,77.26,140.0,151.0,171.0,181.0,5000000,0.022,0.2183,,,,
88209,lung_cancer,155.85,158.0,22.7,36.92,62.26,127.0,142.0,169.0,181.0,5000000,0.0201,0.3646,,,,
88210,lung_cancer,165.0,166.0,18.53,17.63,81.75,142.0,155.0,175.0,186.0,5000000,0.0201,0.1702,,,,
88211,lung_cancer,162.55,164.0,19.82,22.91,76.28,138.0,151.0,173.0,185.0,5000000,0.019,0.2233,,,,
88212,lung_cancer,161.16,163.0,23.06,27.35,71.36,132.0,148.0,174.0,186.0,5000000,0.0185,0.2693,,,,
88213,lung_cancer,164.83,166.0,18.16,17.95,81.53,142.0,155.0,175.0,186.0,5000000,0.0205,0.173,,,,
88214,lung_cancer,163.02,164.0,17.86,20.75,78.83,141.0,152.0,173.0,183.0,5000000,0.0222,0.2004,,,,
88215,lung_cancer,166.74,167.0,18.23,15.45,83.88,144.0,157.0,177.0,188.0,5000000,0.0194,0.1488,,,,
88216,lung_cancer,164.47,165.0,18.58,19.11,80.31,141.0,154.0,175.0,186.0,5000000,0.0213,0.1843,,,,
88217,lung_cancer,157.41,160.0,16.51,28.73,71.17,137.0,147.0,167.0,175.0,5000000,0.0215,0.2816,,,,
88218,lung_cancer,158.08,160.0,15.99,26.5,73.43,138.0,149.0,168.0,175.0,5000000,0.0212,0.2591,,,,
88219,lung_cancer,158.06,160.0,16.39,27.33,72.57,137.0,148.0,168.0,176.0,5000000,0.0215,0.2671,,,,
88220,lung_cancer,167.48,167.0,19.07,15.52,83.51,144.0,157.0,178.0,190.0,5000000,0.0196,0.1498,,,,
88221,lung_cancer,165.0,166.0,18.72,18.56,80.76,142.0,154.0,175.0,187.0,5000000,0.0207,0.1797,,,,
88222,lung_cancer,163.66,165.0,18.42,20.33,79.16,141.0,153.0,174.0,185.0,5000000,0.0197,0.198,,,,
88223,lung_cancer,164.59,165.0,19.03,19.8,79.35,141.0,153.0,175.0,186.0,5000000,0.0195,0.1924,,,,
88224,lung_cancer,164.18,165.0,18.07,19.16,80.35,142.0,153.0,174.0,185.0,5000000,0.0202,0.1862,,,,
88225,lung_cancer,165.03,166.0,19.56,19.29,79.87,141.0,154.0,176.0,188.0,5000000,0.0198,0.1873,,,,
88226,lung_cancer,163.98,165.0,18.94,20.14,79.13,141.0,153.0,174.0,186.0,5000000,0.0194,0.1959,,,,
88227,lung_cancer,165.18,166.0,20.6,20.23,78.75,140.0,153.0,177.0,189.0,5000000,0.0203,0.1964,,,,
88228,lung_cancer,165.08,166.0,17.82,17.01,82.48,143.0,155.0,175.0,186.0,5000000,0.0193,0.1643,,,,
88229,lung_cancer,167.24,167.0,20.16,16.9,81.94,142.0,156.0,178.0,191.0,5000000,0.019,0.1645,,,,
88230,lung_cancer,166.76,167.0,19.22,16.53,82.61,143.0,156.0,177.0,189.0,5000000,0.0182,0.1607,,,,
88231,lung_cancer,165.13,166.0,18.99,18.53,80.8,142.0,154.0,176.0,187.0,5000000,0.0195,0.1801,,,,
88232,lung_cancer,165.86,167.0,18.93,17.59,81.7,142.0,155.0,176.0,188.0,5000000,0.0196,0.1706,,,,
88233,lung_cancer,165.54,166.0,18.76,17.75,81.62,142.0,155.0,176.0,188.0,5000000,0.0183,0.1726,,,,
88234,lung_cancer,163.93,165.0,19.31,20.78,78.64,140.0,153.0,175.0,186.0,5000000,0.0188,0.2034,,,,
88235,lung_cancer,165.27,166.0,19.55,19.11,80.19,141.0,154.0,176.0,188.0,5000000,0.0194,0.1857,,,,
88236,lung_cancer,165.03,166.0,20.12,20.03,79.19,140.0,153.0,177.0,189.0,5000000,0.0194,0.195,,,,
88237,lung_cancer,167.09,167.0,26.35,22.12,74.25,135.0,152.0,180.0,197.0,5000000,0.0209,0.2148,,,,
88238,lung_cancer,166.53,167.0,21.07,18.29,80.26,141.0,155.0,178.0,191.0,5000000,0.0228,0.1797,,,,
88239,lung_cancer,166.79,167.0,20.99,18.31,80.4,141.0,155.0,178.0,191.0,5000000,0.0208,0.1764,,,,
88240,lung_cancer,168.04,168.0,19.2,15.05,84.0,144.0,158.0,178.0,191.0,5000000,0.0186,0.1452,,,,
88241,lung_cancer,166.77,167.0,19.41,16.5,82.61,143.0,156.0,177.0,189.0,5000000,0.0193,0.1594,,,,
88242,lung_cancer,167.54,168.0,18.87,15.25,83.9,144.0,157.0,178.0,190.0,5000000,0.0191,0.1466,,,,
88243,lung_cancer,166.31,167.0,19.85,17.99,81.07,142.0,155.0,177.0,190.0,5000000,0.0191,0.1746,,,,
88244,lung_cancer,165.94,167.0,19.08,17.58,81.65,142.0,155.0,176.0,188.0,5000000,0.0183,0.1712,,,,
88245,lung_cancer,167.46,167.0,19.64,16.2,82.72,143.0,156.0,178.0,191.0,5000000,0.018,0.1576,,,,
88246,lung_cancer,165.37,166.0,19.21,18.46,80.76,142.0,154.0,176.0,188.0,5000000,0.0195,0.1794,,,,
88247,lung_cancer,165.37,166.0,20.77,20.66,77.92,140.0,153.0,176.0,189.0,5000000,0.0113,0.2059,,,,
88248,lung_cancer,164.11,166.0,21.04,21.94,77.16,138.0,152.0,176.0,188.0,5000000,0.0221,0.2134,,,,
88249,lung_cancer,166.42,167.0,21.43,19.05,79.64,140.0,154.0,178.0,191.0,5000000,0.0213,0.1848,,,,
88250,lung_cancer,162.44,164.0,19.65,23.08,76.34,138.0,151.0,174.0,184.0,5000000,0.0223,0.2246,,,,
88251,lung_cancer,165.07,166.0,21.2,20.65,78.33,139.0,153.0,177.0,189.0,5000000,0.0211,0.2006,,,,
88252,lung_cancer,162.36,164.0,19.0,22.82,76.62,139.0,151.0,173.0,184.0,5000000,0.0187,0.2233,,,,
88253,lung_cancer,163.61,165.0,19.56,21.26,77.96,140.0,152.0,174.0,186.0,5000000,0.0196,0.207,,,,
88254,lung_cancer,162.32,164.0,18.62,22.23,77.27,139.0,151.0,173.0,183.0,5000000,0.018,0.2177,,,,
88255,lung_cancer,162.55,164.0,18.54,21.61,77.93,139.0,152.0,173.0,183.0,5000000,0.0202,0.2102,,,,
88256,lung_cancer,166.44,167.0,20.0,17.78,81.34,141.0,155.0,178.0,190.0,5000000,0.0179,0.1717,,,,
88257,lung_cancer,163.65,165.0,19.42,21.15,78.22,139.0,152.0,175.0,186.0,5000000,0.0183,0.2054,,,,
88258,lung_cancer,163.62,165.0,22.63,24.5,73.88,136.0,150.0,176.0,189.0,5000000,0.0175,0.239,,,,
88259,lung_cancer,165.61,166.0,18.66,17.53,81.74,142.0,155.0,176.0,187.0,5000000,0.0202,0.1694,,,,
88260,lung_cancer,164.86,166.0,19.38,19.42,79.85,141.0,153.0,176.0,187.0,5000000,0.0195,0.1886,,,,
88261,lung_cancer,164.82,166.0,18.76,18.86,80.51,141.0,154.0,175.0,187.0,5000000,0.019,0.1831,,,,
